x_pos_pixel, y_pos_pixel303.37347412109375, 228.14468383789062
-1, -1
303.3455810546875, 227.79043579101562
303.3455810546875, 227.79043579101562
303.2878723144531, 227.71212768554688
303.0932312011719, 227.22882080078125
302.72454833984375, 227.25973510742188
303.2437744140625, 227.7042694091797
302.939453125, 227.65309143066406
302.5306091308594, 227.46939086914062
303.02734375, 227.65673828125
302.7215881347656, 227.46307373046875
302.4496765136719, 227.51007080078125
302.6333312988281, 227.63333129882812
302.4979553222656, 227.62551879882812
302.3675537109375, 227.5264892578125
302.4375, 227.94711303710938
302.1531982421875, 227.69239807128906
302.4216613769531, 227.98252868652344
302.4216613769531, 227.98252868652344
302.16876220703125, 227.8072052001953
302.3817138671875, 227.92091369628906
302.260009765625, 228.25999450683594
302.3461608886719, 228.5
302.260009765625, 228.25999450683594
302.3736877441406, 228.28123474121094
302.5105285644531, 228.68946838378906
302.13421630859375, 228.20375061035156
301.98931884765625, 228.3194122314453
302.3461608886719, 228.5
301.76641845703125, 228.29278564453125
301.86956787109375, 228.5
301.8198547363281, 228.43601989746094
301.7980651855469, 228.7741241455078
301.7552185058594, 228.8428497314453
301.8621826171875, 228.7866973876953
301.7552185058594, 228.8428497314453
301.4148864746094, 228.41488647460938
301.7207336425781, 228.75897216796875
301.72222900390625, 228.8333282470703
301.8783874511719, 228.7664031982422
301.6000061035156, 228.60000610351562
301.6144104003906, 228.70437622070312
301.783935546875, 228.4120330810547
301.8442077636719, 228.75772094726562
301.6499938964844, 228.64999389648438
302.0214538574219, 228.65235900878906
301.71893310546875, 228.0961151123047
301.80450439453125, 228.0785675048828
301.8864440917969, 227.98805236816406
301.886474609375, 227.988037109375
301.9693908691406, 227.96939086914062
301.9991455078125, 228.10548400878906
302.1556091308594, 228.1708221435547
302.1116943359375, 227.74649047851562
302.1116943359375, 227.74649047851562
302.1949462890625, 227.73025512695312
302.23651123046875, 227.6908721923828
302.273193359375, 227.726806640625
302.2917785644531, 227.3680419921875
302.2843017578125, 227.28431701660156
302.6924743652344, 227.61009216308594
302.5691833496094, 227.6572265625
302.7980651855469, 227.7741241455078
302.81915283203125, 227.7872314453125
302.6647033691406, 227.30587768554688
302.584716796875, 227.18585205078125
302.83953857421875, 227.6151580810547
302.793701171875, 227.5084991455078
302.7805480957031, 227.61312866210938
302.6647033691406, 227.30587768554688
302.7805480957031, 227.61312866210938
302.7980651855469, 227.7741241455078
302.5691833496094, 227.6572265625
302.6144104003906, 227.70437622070312
302.6000061035156, 227.60000610351562
302.23651123046875, 227.6908721923828
302.4635925292969, 227.67782592773438
302.24432373046875, 228.13230895996094
302.53118896484375, 228.20046997070312
302.260009765625, 228.25999450683594
302.260009765625, 228.25999450683594
302.260009765625, 228.25999450683594
302.36553955078125, 228.36439514160156
302.3800048828125, 228.4600067138672
302.2705383300781, 228.34588623046875
302.260009765625, 228.25999450683594
302.2705383300781, 228.34588623046875
302.44073486328125, 228.56585693359375
302.2705383300781, 228.34588623046875
301.9530334472656, 228.85292053222656
301.8924865722656, 228.4215087890625
302.2705383300781, 228.34588623046875
301.8924865722656, 228.4215087890625
301.8924865722656, 228.4215087890625
301.8924865722656, 228.4215087890625
302.13421630859375, 228.20375061035156
302.44073486328125, 228.56585693359375
302.0970153808594, 228.47015380859375
302.3359680175781, 228.6322784423828
302.13421630859375, 228.20375061035156
302.13421630859375, 228.20375061035156
302.16693115234375, 228.28042602539062
302.25164794921875, 227.98684692382812
302.2438049316406, 228.36056518554688
302.4826354980469, 228.49652099609375
302.43438720703125, 228.0897674560547
302.44573974609375, 228.21922302246094
302.2596740722656, 227.84007263183594
302.1949462890625, 227.73025512695312
302.4635925292969, 227.67782592773438
302.5691833496094, 227.6572265625
302.1837463378906, 227.63919067382812
302.2917785644531, 227.3680419921875
302.9600830078125, 227.69895935058594
302.78228759765625, 227.75149536132812
302.7601013183594, 227.7196502685547
302.558837890625, 227.55882263183594
303.0025329589844, 227.9903106689453
302.6647033691406, 227.30587768554688
302.53277587890625, 227.32786560058594
302.66180419921875, 227.3726348876953
302.735595703125, 227.40194702148438
302.68133544921875, 227.56813049316406
302.634033203125, 227.273193359375
302.57574462890625, 227.4242401123047
302.6339416503906, 227.542724609375
302.5505065917969, 227.2347869873047
302.4641418457031, 227.2508544921875
302.5113525390625, 227.10781860351562
302.2843017578125, 227.28431701660156
302.5328369140625, 227.32763671875
302.5465087890625, 227.56976318359375
302.597412109375, 227.47994995117188
302.5379638671875, 227.56329345703125
303.07568359375, 227.78094482421875
302.4010925292969, 227.60989379882812
301.8953552246094, 227.35667419433594
301.8285217285156, 227.44525146484375
301.84185791015625, 227.80889892578125
302.02734375, 227.65673828125
301.886474609375, 227.988037109375
301.5876770019531, 228.05526733398438
301.6225891113281, 227.763671875
301.4216613769531, 227.98252868652344
301.728271484375, 227.8478240966797
301.5876770019531, 228.05526733398438
301.728271484375, 227.8478240966797
301.5267639160156, 228.06898498535156
301.2515869140625, 227.7880859375
301.71893310546875, 228.0961151123047
301.5115966796875, 228.1067352294922
301.5356750488281, 228.1337127685547
301.71893310546875, 228.0961151123047
301.6225891113281, 227.763671875
301.2515869140625, 227.7880859375
301.8148193359375, 228.00416564941406
301.8148193359375, 228.00416564941406
301.886474609375, 227.988037109375
301.8864440917969, 227.98805236816406
301.9530334472656, 227.85292053222656
301.9693908691406, 227.96939086914062
302.027587890625, 227.50662231445312
302.1557312011719, 227.7110595703125
301.8815002441406, 227.3430938720703
302.1837463378906, 227.63919067382812
302.44073486328125, 227.56585693359375
302.5439147949219, 227.51483154296875
302.558837890625, 227.55882263183594
302.766357421875, 227.7926483154297
302.9617004394531, 227.6772003173828
302.558837890625, 227.55882263183594
302.5356750488281, 227.1337127685547
302.82000732421875, 227.69000244140625
302.75286865234375, 227.45143127441406
302.9321594238281, 227.36634826660156
302.94390869140625, 227.23751831054688
302.5876770019531, 227.05526733398438
302.5267639160156, 227.06898498535156
303.0549621582031, 227.27590942382812
303.3359680175781, 227.6322784423828
303.0137023925781, 227.4613494873047
302.8951721191406, 227.05996704101562
302.8951721191406, 227.05996704101562
302.881103515625, 227.04469299316406
302.8053894042969, 227.29837036132812
302.9879150390625, 227.301513671875
302.91070556640625, 227.38214111328125
302.881103515625, 227.04469299316406
302.9281311035156, 227.20887756347656
303.23712158203125, 227.6288604736328
302.99505615234375, 227.4405975341797
302.79315185546875, 227.5667724609375
302.634033203125, 227.273193359375
302.4230651855469, 227.42308044433594
302.6175231933594, 227.64779663085938
302.33697509765625, 227.88668823242188
302.1949462890625, 227.73025512695312
302.2917785644531, 227.3680419921875
301.9450988769531, 227.42581176757812
302.1949462890625, 227.73025512695312
302.1949462890625, 227.73025512695312
302.2620544433594, 227.90353393554688
301.9693908691406, 227.96939086914062
301.6875, 227.6875
301.886474609375, 227.988037109375
301.68914794921875, 228.24636840820312
301.8148193359375, 228.00416564941406
301.68914794921875, 228.24636840820312
301.68914794921875, 228.24636840820312
301.68914794921875, 228.24636840820312
301.886474609375, 227.988037109375
301.7723693847656, 228.22503662109375
301.59490966796875, 228.103759765625
301.62420654296875, 228.1800537109375
301.6144104003906, 227.70437622070312
301.7723693847656, 228.22503662109375
301.6144104003906, 227.70437622070312
301.9693908691406, 227.96939086914062
301.7856750488281, 227.94606018066406
301.6993713378906, 227.60960388183594
302.07965087890625, 227.6968994140625
302.44073486328125, 227.56585693359375
301.8198547363281, 227.43601989746094
301.8953552246094, 227.35667419433594
302.44073486328125, 227.56585693359375
302.4010925292969, 227.60989379882812
302.13421630859375, 227.20375061035156
302.22210693359375, 227.5938720703125
302.5439147949219, 227.51483154296875
302.2705383300781, 227.34588623046875
302.2705383300781, 227.34588623046875
302.547607421875, 227.45237731933594
302.2843017578125, 227.28431701660156
302.44573974609375, 227.21922302246094
302.5161437988281, 227.29676818847656
302.260009765625, 227.25999450683594
302.33673095703125, 227.33673095703125
302.53118896484375, 227.20046997070312
302.5113525390625, 227.10781860351562
302.5052795410156, 227.16127014160156
302.62420654296875, 227.1800537109375
302.5052795410156, 227.16127014160156
302.1949462890625, 226.73025512695312
302.50909423828125, 227.205322265625
302.6947937011719, 226.87013244628906
302.634033203125, 227.273193359375
302.70770263671875, 227.16172790527344
302.6108703613281, 227.05332946777344
302.45037841796875, 226.98123168945312
302.85052490234375, 227.36451721191406
302.515625, 227.5234375
302.5356750488281, 227.1337127685547
302.53277587890625, 227.32786560058594
302.6175231933594, 227.64779663085938
302.6104431152344, 227.68405151367188
302.2917785644531, 227.3680419921875
302.1837463378906, 227.63919067382812
302.05816650390625, 227.60195922851562
302.1949462890625, 227.73025512695312
302.4635925292969, 227.67782592773438
302.2320861816406, 227.9102783203125
302.3026428222656, 228.11842346191406
302.45721435546875, 228.13758850097656
302.29937744140625, 228.09603881835938
302.1590881347656, 228.2045440673828
302.25164794921875, 227.98684692382812
302.4147033691406, 228.51968383789062
302.2810363769531, 228.39051818847656
301.97967529296875, 228.04263305664062
302.3721618652344, 228.2908935546875
302.260009765625, 228.25999450683594
302.1878662109375, 228.30226135253906
302.260009765625, 228.25999450683594
302.260009765625, 228.25999450683594
302.1244812011719, 228.4680633544922
301.9693908691406, 227.96939086914062
301.9693908691406, 227.96939086914062
302.4147033691406, 228.51968383789062
302.2320861816406, 227.9102783203125
302.2457580566406, 227.7203369140625
302.1116943359375, 227.74649047851562
302.1557312011719, 227.7110595703125
302.1936340332031, 227.3843994140625
302.1837463378906, 227.63919067382812
302.23651123046875, 227.6908721923828
302.2917785644531, 227.3680419921875
302.2705383300781, 227.34588623046875
302.5691833496094, 227.6572265625
302.674560546875, 227.6584014892578
302.6499938964844, 227.64999389648438
302.8876037597656, 227.23643493652344
302.6647033691406, 227.30587768554688
302.634033203125, 227.273193359375
302.65557861328125, 227.4043731689453
302.8876037597656, 227.23643493652344
302.71435546875, 227.52549743652344
302.6666564941406, 227.43478393554688
302.57373046875, 227.27597045898438
302.76416015625, 227.23585510253906
302.6108703613281, 227.05332946777344
302.62420654296875, 227.1800537109375
302.5505065917969, 227.2347869873047
302.57373046875, 227.27597045898438
302.62420654296875, 227.1800537109375
302.4800720214844, 227.3994598388672
302.5805969238281, 227.4593505859375
302.85052490234375, 227.36451721191406
302.5505065917969, 227.2347869873047
302.4324645996094, 227.31350708007812
302.2843017578125, 227.28431701660156
302.2843017578125, 227.28431701660156
302.45526123046875, 227.5810089111328
302.3440856933594, 227.6060333251953
302.3922424316406, 227.74578857421875
302.4010925292969, 227.60989379882812
302.2320861816406, 227.9102783203125
302.05816650390625, 227.60195922851562
301.6875, 227.6875
301.6144104003906, 227.70437622070312
301.6875, 227.6875
301.7723693847656, 228.22503662109375
301.9693908691406, 227.96939086914062
301.78009033203125, 227.9348907470703
301.8053894042969, 228.0720977783203
301.59490966796875, 228.103759765625
301.8148193359375, 228.00416564941406
301.57373046875, 228.27597045898438
301.57373046875, 228.27597045898438
301.71893310546875, 228.0961151123047
301.5869445800781, 228.13043212890625
301.8412170410156, 228.32095336914062
301.77117919921875, 228.09957885742188
301.99505615234375, 228.4405975341797
301.5267639160156, 228.06898498535156
301.8951721191406, 228.05996704101562
301.886474609375, 227.988037109375
302.16693115234375, 228.28042602539062
302.07861328125, 228.1717529296875
301.8864440917969, 227.98805236816406
302.1556091308594, 228.1708221435547
302.24432373046875, 228.13230895996094
302.16876220703125, 227.8072052001953
302.1949462890625, 227.73025512695312
302.1837463378906, 227.63919067382812
302.2917785644531, 227.3680419921875
302.2917785644531, 227.3680419921875
302.4100341796875, 227.8702392578125
302.3800048828125, 227.4600067138672
302.5691833496094, 227.6572265625
302.7601013183594, 227.7196502685547
302.766357421875, 227.7926483154297
302.9864196777344, 227.81106567382812
302.9497985839844, 227.51255798339844
302.9497985839844, 227.51255798339844
303.0408935546875, 227.8252716064453
303.0251770019531, 227.56825256347656
302.8951721191406, 227.05996704101562
303.5, 227.8333282470703
303.4010925292969, 227.60989379882812
303.4010925292969, 227.60989379882812
302.9600830078125, 227.69895935058594
303.2067565917969, 227.78317260742188
303.2067565917969, 227.78317260742188
302.9143371582031, 227.45506286621094
303.39892578125, 227.8140106201172
303.0203552246094, 227.52325439453125
302.6841735839844, 227.66648864746094
302.9286804199219, 227.5870819091797
302.6144104003906, 227.70437622070312
302.64984130859375, 227.6987762451172
302.5691833496094, 227.6572265625
302.6108703613281, 228.05332946777344
302.53118896484375, 228.20046997070312
302.5169677734375, 227.78590393066406
302.44573974609375, 228.21922302246094
302.597412109375, 228.47994995117188
302.47320556640625, 228.37762451171875
302.66827392578125, 228.6092529296875
302.2705383300781, 228.34588623046875
302.13421630859375, 228.20375061035156
302.13421630859375, 228.20375061035156
302.25, 228.5
302.0203552246094, 228.52325439453125
301.7903137207031, 228.27420043945312
301.8465576171875, 228.69459533691406
302.06207275390625, 228.62982177734375
301.7030029296875, 228.34666442871094
301.7980651855469, 228.7741241455078
301.6144104003906, 228.70437622070312
301.84185791015625, 228.80889892578125
301.6499938964844, 228.64999389648438
301.7195129394531, 228.3292694091797
301.6989440917969, 228.6318359375
301.80047607421875, 228.57852172851562
301.8333435058594, 228.5
302.19921875, 228.6660919189453
301.93463134765625, 228.38693237304688
302.2705383300781, 228.34588623046875
302.2705383300781, 228.34588623046875
302.44281005859375, 228.33216857910156
302.59417724609375, 228.31224060058594
302.260009765625, 228.25999450683594
302.33819580078125, 227.88795471191406
302.23883056640625, 227.7750701904297
302.1949462890625, 227.73025512695312
302.1949462890625, 227.73025512695312
302.2194519042969, 227.78793334960938
302.45526123046875, 227.5810089111328
302.5691833496094, 227.6572265625
302.2917785644531, 227.3680419921875
302.2705383300781, 227.34588623046875
302.5691833496094, 227.6572265625
302.765625, 227.8984375
302.6000061035156, 227.60000610351562
302.5779724121094, 227.7089385986328
302.5691833496094, 227.6572265625
302.6000061035156, 227.60000610351562
302.5691833496094, 227.6572265625
302.63043212890625, 227.54347229003906
302.6144104003906, 227.70437622070312
302.6144104003906, 227.70437622070312
302.5691833496094, 227.6572265625
302.6144104003906, 227.70437622070312
302.4958801269531, 227.54986572265625
302.3905029296875, 227.8357696533203
302.5691833496094, 227.6572265625
302.4635925292969, 227.67782592773438
302.51214599609375, 227.73057556152344
302.463134765625, 228.20436096191406
302.71429443359375, 228.0
302.260009765625, 228.25999450683594
302.3817138671875, 227.92091369628906
302.2843017578125, 228.28431701660156
302.3333435058594, 228.3333282470703
302.33673095703125, 228.33673095703125
302.2705383300781, 228.34588623046875
302.260009765625, 228.25999450683594
302.4010925292969, 228.60989379882812
302.2705383300781, 228.34588623046875
302.44073486328125, 228.56585693359375
302.4010925292969, 228.60989379882812
302.44073486328125, 228.56585693359375
302.18597412109375, 228.695068359375
301.9632263183594, 228.62387084960938
302.2213134765625, 228.7786865234375
301.8815002441406, 228.3430938720703
301.8953552246094, 228.35667419433594
302.1837463378906, 228.63919067382812
301.91986083984375, 228.3346710205078
302.3461608886719, 228.5
302.44073486328125, 228.56585693359375
302.44073486328125, 228.56585693359375
302.44073486328125, 228.56585693359375
302.6104431152344, 228.68405151367188
302.8830261230469, 228.71240234375
302.33673095703125, 228.33673095703125
302.6538391113281, 228.65383911132812
302.5439147949219, 228.51483154296875
302.6587219238281, 228.58531188964844
302.78570556640625, 228.2142791748047
302.68914794921875, 228.24636840820312
302.886474609375, 227.988037109375
302.886474609375, 227.988037109375
302.73486328125, 227.9874725341797
302.9286804199219, 227.5870819091797
303.180419921875, 227.819580078125
302.8285217285156, 227.44525146484375
302.6708984375, 227.582275390625
302.6144104003906, 227.70437622070312
302.7980651855469, 227.7741241455078
302.82904052734375, 227.78021240234375
302.74822998046875, 227.6746063232422
302.6428527832031, 227.64285278320312
302.61651611328125, 228.0631103515625
302.7980651855469, 227.7741241455078
302.4979553222656, 227.62551879882812
302.5, 227.5
302.5691833496094, 227.6572265625
302.5101623535156, 227.72842407226562
302.5101623535156, 227.72842407226562
302.4635925292969, 227.67782592773438
302.23651123046875, 227.6908721923828
302.1518859863281, 227.7892303466797
302.1116943359375, 227.74649047851562
302.1116943359375, 227.74649047851562
302.1518859863281, 227.7892303466797
302.3873596191406, 228.21377563476562
302.1756896972656, 228.3648681640625
301.9166564941406, 228.0833282470703
301.9166564941406, 228.0833282470703
302.10980224609375, 228.63917541503906
301.7195129394531, 228.3292694091797
301.9879150390625, 228.698486328125
301.84185791015625, 228.80889892578125
301.8529357910156, 228.85293579101562
301.7451477050781, 228.6770477294922
301.6499938964844, 228.64999389648438
301.7189636230469, 228.48634338378906
301.7159423828125, 228.45681762695312
301.7189636230469, 228.48634338378906
301.8198547363281, 228.43601989746094
301.8198547363281, 228.43601989746094
301.708251953125, 228.38111877441406
301.8096923828125, 228.35885620117188
301.8198547363281, 228.43601989746094
302.392822265625, 228.53250122070312
302.0423583984375, 228.48941040039062
302.6496887207031, 228.79067993164062
302.2705383300781, 228.34588623046875
302.44073486328125, 228.56585693359375
302.45159912109375, 228.5483856201172
302.6273193359375, 228.35853576660156
302.4158630371094, 228.12411499023438
302.5267639160156, 228.06898498535156
302.7086486816406, 228.27549743652344
302.886474609375, 227.988037109375
302.7607421875, 227.89736938476562
302.6108703613281, 228.05332946777344
302.70001220703125, 227.6999969482422
302.6875, 227.6875
302.97125244140625, 227.6902618408203
302.9693908691406, 227.96939086914062
303.0, 228.0
303.0012512207031, 227.84115600585938
303.02734375, 227.65673828125
303.2320861816406, 227.9102783203125
302.88482666015625, 227.97433471679688
302.9693908691406, 227.96939086914062
303.0, 228.0
303.037109375, 227.9541473388672
303.1142578125, 227.9462127685547
303.0933837890625, 227.70094299316406
302.7723693847656, 228.22503662109375
303.04443359375, 228.07777404785156
302.7723693847656, 228.22503662109375
302.6647033691406, 228.30587768554688
302.68914794921875, 228.24636840820312
302.5356750488281, 228.1337127685547
302.3511962890625, 228.4299774169922
302.72222900390625, 228.8333282470703
302.3511962890625, 228.4299774169922
302.5691833496094, 228.6572265625
302.232666015625, 228.6287078857422
302.45526123046875, 228.5810089111328
302.2705383300781, 228.34588623046875
302.1116943359375, 228.74649047851562
301.8924865722656, 228.4215087890625
301.9632263183594, 228.62387084960938
301.6875, 228.6875
301.7207336425781, 228.75897216796875
301.9632263183594, 228.62387084960938
301.8198547363281, 228.43601989746094
301.6875, 228.6875
301.8951721191406, 228.05996704101562
301.8105163574219, 228.35865783691406
301.8198547363281, 228.43601989746094
301.9497985839844, 228.51255798339844
302.5099792480469, 228.69679260253906
301.9143371582031, 228.45506286621094
302.25, 228.5
302.10980224609375, 228.63917541503906
302.3396911621094, 228.18702697753906
302.4569091796875, 228.19827270507812
301.9693908691406, 227.96939086914062
302.4771423339844, 227.83497619628906
302.25262451171875, 227.76829528808594
302.4635925292969, 227.67782592773438
302.33819580078125, 227.88795471191406
302.33819580078125, 227.88795471191406
302.33697509765625, 227.88668823242188
302.2917785644531, 227.3680419921875
302.33697509765625, 227.88668823242188
302.3511962890625, 227.4299774169922
302.2917785644531, 227.3680419921875
302.5691833496094, 227.6572265625
302.5123596191406, 227.97042846679688
302.4979553222656, 227.62551879882812
302.6000061035156, 227.60000610351562
302.6000061035156, 227.60000610351562
302.6428527832031, 227.64285278320312
302.5691833496094, 227.6572265625
302.6144104003906, 227.70437622070312
302.6144104003906, 227.70437622070312
302.6144104003906, 227.70437622070312
302.6144104003906, 227.70437622070312
302.6144104003906, 227.70437622070312
302.875, 228.125
302.5101623535156, 227.72842407226562
302.8799133300781, 228.24671936035156
302.597412109375, 228.47994995117188
302.5113525390625, 228.10781860351562
302.558837890625, 228.55882263183594
302.4979553222656, 228.62551879882812
302.23651123046875, 228.6908721923828
302.1619567871094, 228.2103729248047
302.2917785644531, 228.3680419921875
302.1942443847656, 228.7244415283203
302.4635925292969, 228.67782592773438
302.2515869140625, 228.7880859375
302.3196716308594, 228.68032836914062
302.5582275390625, 229.02740478515625
302.4992980957031, 229.09169006347656
302.5769348144531, 228.73077392578125
302.45721435546875, 229.13758850097656
302.33819580078125, 228.88795471191406
302.34246826171875, 228.931640625
302.16876220703125, 228.8072052001953
302.1936340332031, 228.3843994140625
302.4635925292969, 228.67782592773438
302.4635925292969, 228.67782592773438
302.1211853027344, 228.58741760253906
302.3347473144531, 229.0196075439453
302.45526123046875, 228.5810089111328
302.45526123046875, 228.5810089111328
302.4800720214844, 228.3994598388672
302.59161376953125, 228.4376983642578
302.65557861328125, 228.4043731689453
302.5897216796875, 228.14613342285156
302.72784423828125, 228.0237274169922
302.51214599609375, 227.73057556152344
302.70770263671875, 228.16172790527344
302.5704650878906, 227.94622802734375
303.0622863769531, 227.90838623046875
302.9632263183594, 227.62387084960938
302.6875, 227.6875
302.87054443359375, 227.84669494628906
302.87054443359375, 227.84669494628906
302.78570556640625, 227.7857208251953
302.6841735839844, 227.66648864746094
302.558837890625, 227.55882263183594
302.69012451171875, 227.66183471679688
302.6428527832031, 227.64285278320312
302.4979553222656, 227.62551879882812
302.3511962890625, 227.4299774169922
302.5691833496094, 227.6572265625
302.2917785644531, 227.3680419921875
302.4635925292969, 227.67782592773438
302.4635925292969, 227.67782592773438
302.2917785644531, 227.3680419921875
302.33819580078125, 227.88795471191406
302.1116943359375, 227.74649047851562
302.4324645996094, 228.31350708007812
302.1666564941406, 228.1666717529297
302.16693115234375, 228.28042602539062
302.13421630859375, 228.20375061035156
302.25, 228.5
302.2073059082031, 228.6707305908203
301.5356750488281, 228.1337127685547
301.8951721191406, 228.05996704101562
301.8888854980469, 228.88888549804688
301.8198547363281, 228.43601989746094
301.5356750488281, 228.1337127685547
301.8924865722656, 228.4215087890625
301.9632263183594, 228.62387084960938
302.07965087890625, 228.6968994140625
302.13421630859375, 228.20375061035156
301.5980529785156, 228.12091064453125
302.2705383300781, 228.34588623046875
301.8815002441406, 228.3430938720703
302.4010925292969, 228.60989379882812
302.16693115234375, 228.28042602539062
302.4914245605469, 228.29774475097656
302.2596130371094, 228.5427703857422
302.54156494140625, 228.34426879882812
302.6339416503906, 228.542724609375
302.5267639160156, 228.06898498535156
302.57373046875, 228.27597045898438
302.6225891113281, 227.763671875
302.6144104003906, 227.70437622070312
302.9530334472656, 227.85292053222656
302.87255859375, 227.87254333496094
303.1116943359375, 227.74649047851562
302.9530334472656, 227.85292053222656
302.90350341796875, 227.43275451660156
302.90350341796875, 227.43275451660156
302.9856262207031, 227.51657104492188
303.4010925292969, 227.60989379882812
303.05816650390625, 227.60195922851562
302.8105163574219, 227.35865783691406
303.0520935058594, 227.9479217529297
303.4010925292969, 227.60989379882812
303.20721435546875, 227.77769470214844
302.78839111328125, 227.32643127441406
303.2067565917969, 227.78317260742188
302.9632263183594, 227.62387084960938
302.8484191894531, 227.7703399658203
302.5691833496094, 227.6572265625
302.7030029296875, 227.34666442871094
302.3511962890625, 227.4299774169922
302.5749206542969, 227.71188354492188
302.33819580078125, 227.88795471191406
302.4405212402344, 228.03964233398438
302.260009765625, 228.25999450683594
302.260009765625, 228.25999450683594
302.6140441894531, 228.4736785888672
302.1277160644531, 228.28668212890625
302.4368896484375, 228.32029724121094
302.0090637207031, 228.274169921875
302.3303527832031, 228.4330291748047
302.01116943359375, 228.2549285888672
301.78570556640625, 228.7857208251953
303.37261962890625, 227.40631103515625
301.8977966308594, 228.6277313232422
301.7195129394531, 228.256103515625
301.7030029296875, 228.34666442871094
302.1277160644531, 228.28668212890625
302.87249755859375, 227.6510009765625
302.0163879394531, 228.5867462158203
301.9146423339844, 228.5
301.8951721191406, 228.05996704101562
302.0983581542969, 228.3321075439453
302.8177185058594, 228.09030151367188
301.886474609375, 227.988037109375
302.1462097167969, 228.229248046875
302.0677185058594, 227.66995239257812
302.05816650390625, 227.60195922851562
302.33697509765625, 227.88668823242188
302.53790283203125, 228.1588897705078
302.1211853027344, 227.58741760253906
302.4100341796875, 227.8702392578125
302.3800048828125, 227.4600067138672
302.33673095703125, 227.33673095703125
302.6587219238281, 227.58531188964844
303.14544677734375, 227.69090270996094
302.7518005371094, 227.57765197753906
302.6428527832031, 227.64285278320312
302.9143371582031, 227.45506286621094
302.9143371582031, 227.45506286621094
303.14691162109375, 227.70445251464844
303.0203552246094, 227.52325439453125
302.9143371582031, 227.45506286621094
302.6875, 227.6875
303.0251770019531, 227.56825256347656
303.3667297363281, 227.20379638671875
302.70135498046875, 227.81878662109375
302.9341125488281, 227.64903259277344
302.6428527832031, 227.64285278320312
302.6428527832031, 227.64285278320312
302.5101623535156, 227.72842407226562
302.5169677734375, 227.78590393066406
302.23883056640625, 227.7750701904297
302.44573974609375, 228.21922302246094
302.4482421875, 228.3419647216797
302.84503173828125, 228.52084350585938
302.6939697265625, 228.62876892089844
302.4060363769531, 228.9572296142578
302.69024658203125, 228.8072052001953
302.4550476074219, 228.91432189941406
302.2894592285156, 228.34210205078125
302.260009765625, 228.25999450683594
302.260009765625, 228.25999450683594
303.0440368652344, 228.2266845703125
302.4147033691406, 228.51968383789062
302.1211853027344, 228.58741760253906
302.05816650390625, 228.60195922851562
302.4230651855469, 228.42308044433594
302.2705383300781, 228.34588623046875
302.2705383300781, 228.34588623046875
302.260009765625, 228.25999450683594
302.5439147949219, 228.51483154296875
302.64459228515625, 228.4016876220703
302.45721435546875, 228.13758850097656
302.52655029296875, 227.7423858642578
302.4147033691406, 227.51968383789062
302.4060363769531, 227.9572296142578
302.33697509765625, 227.88668823242188
302.69024658203125, 227.8072052001953
302.69024658203125, 227.8072052001953
302.5691833496094, 227.6572265625
302.9507141113281, 227.82369995117188
302.6794738769531, 227.5
302.82000732421875, 227.69000244140625
302.9661560058594, 227.6416473388672
302.6647033691406, 227.30587768554688
302.6647033691406, 227.30587768554688
302.9143371582031, 227.45506286621094
302.9705810546875, 227.2058868408203
302.9143371582031, 227.45506286621094
302.91070556640625, 227.38214111328125
302.4482421875, 227.3419647216797
302.634033203125, 227.273193359375
302.7973937988281, 227.7830810546875
302.8289489746094, 228.0
302.69024658203125, 227.8072052001953
302.68804931640625, 227.8076934814453
303.3200988769531, 227.4947052001953
305.3097839355469, 230.31712341308594
306.57183837890625, 229.8922576904297
302.55279541015625, 228.02493286132812
302.6231689453125, 227.39149475097656
303.0835266113281, 228.26890563964844
302.25164794921875, 227.98684692382812
302.2073059082031, 228.34146118164062
302.29779052734375, 228.56764221191406
302.1666564941406, 228.5
302.33209228515625, 228.67628479003906
301.84173583984375, 228.3137969970703
302.1756896972656, 228.3648681640625
302.39453125, 228.94100952148438
301.78839111328125, 228.32643127441406
302.1211853027344, 228.58741760253906
302.3345947265625, 228.43609619140625
302.13421630859375, 228.20375061035156
302.5440979003906, 228.66229248046875
302.5545959472656, 228.18858337402344
302.9617004394531, 228.6772003173828
302.6653747558594, 228.57119750976562
302.597412109375, 228.47994995117188
302.6875, 228.78125
302.875, 228.125
302.68914794921875, 228.24636840820312
302.6875, 227.6875
303.05816650390625, 227.60195922851562
302.9632263183594, 227.62387084960938
303.07568359375, 227.78094482421875
302.9632263183594, 227.62387084960938
303.196044921875, 227.91531372070312
303.4010925292969, 227.60989379882812
303.3846130371094, 228.0
303.2067565917969, 227.78317260742188
303.2305908203125, 227.79933166503906
303.0423583984375, 227.48941040039062
303.2067565917969, 227.78317260742188
302.8561096191406, 227.32786560058594
303.031982421875, 227.63189697265625
302.9143371582031, 227.45506286621094
302.8575439453125, 227.6377716064453
302.7978820800781, 227.5
302.5356750488281, 227.1337127685547
302.7727355957031, 227.68182373046875
302.5691833496094, 227.6572265625
302.29534912109375, 227.40798950195312
302.2705383300781, 227.34588623046875
302.4100341796875, 227.8702392578125
302.2166748046875, 227.78334045410156
302.3240966796875, 228.0039520263672
302.2320861816406, 227.9102783203125
302.260009765625, 228.25999450683594
302.2320861816406, 227.9102783203125
302.17242431640625, 228.05172729492188
301.97967529296875, 228.04263305664062
301.9497985839844, 228.51255798339844
301.68914794921875, 228.24636840820312
301.7348327636719, 228.12533569335938
301.77117919921875, 228.09957885742188
301.78009033203125, 227.9348907470703
301.9199523925781, 228.18719482421875
301.8876037597656, 228.23643493652344
301.5281982421875, 228.0607147216797
301.7770690917969, 228.25477600097656
302.04443359375, 228.07777404785156
301.6144104003906, 227.70437622070312
301.87255859375, 227.87254333496094
302.33697509765625, 227.88668823242188
302.2213134765625, 227.7786865234375
302.33697509765625, 227.88668823242188
302.33697509765625, 227.88668823242188
303.2873229980469, 227.79476928710938
302.3511962890625, 227.4299774169922
302.69024658203125, 227.8072052001953
302.78570556640625, 227.7857208251953
302.8468322753906, 227.6216278076172
303.0163879394531, 227.5867462158203
303.1219482421875, 227.47137451171875
303.82635498046875, 227.38623046875
302.91943359375, 227.48155212402344
303.1919250488281, 227.6552734375
303.208740234375, 227.6731414794922
302.80908203125, 227.2818145751953
303.208740234375, 227.6731414794922
303.07965087890625, 227.6968994140625
303.4010925292969, 227.60989379882812
302.6708984375, 227.582275390625
302.9143371582031, 227.45506286621094
302.7030029296875, 227.34666442871094
303.0311279296875, 227.62374877929688
302.5123596191406, 227.97042846679688
302.5267639160156, 228.06898498535156
302.68914794921875, 228.24636840820312
302.53118896484375, 228.20046997070312
302.9143371582031, 228.45506286621094
303.0668640136719, 228.56805419921875
302.78570556640625, 228.7857208251953
302.3571472167969, 228.35714721679688
303.16314697265625, 228.8368377685547
302.2705383300781, 228.34588623046875
302.260009765625, 228.25999450683594
302.1885986328125, 228.55459594726562
302.2705383300781, 228.34588623046875
302.13421630859375, 228.20375061035156
302.5169372558594, 228.29661560058594
301.97967529296875, 228.04263305664062
302.0625, 228.0625
302.4324645996094, 228.31350708007812
302.3947448730469, 228.07017517089844
302.2715148925781, 227.91981506347656
301.9693908691406, 227.96939086914062
302.33697509765625, 227.88668823242188
302.5555419921875, 227.72222900390625
302.6029968261719, 227.97854614257812
302.5691833496094, 227.6572265625
302.32177734375, 227.7629852294922
302.6428527832031, 227.64285278320312
302.6794738769531, 227.5
302.9286804199219, 227.5870819091797
302.78570556640625, 227.7857208251953
302.9143371582031, 227.45506286621094
302.9705810546875, 227.2058868408203
302.853271484375, 227.44021606445312
302.7521057128906, 227.59243774414062
302.6708984375, 227.582275390625
302.6175231933594, 227.64779663085938
302.59161376953125, 227.4376983642578
302.5321044921875, 227.2091064453125
302.634033203125, 227.273193359375
302.634033203125, 227.273193359375
302.634033203125, 227.273193359375
302.68804931640625, 227.8076934814453
302.32177734375, 227.7629852294922
302.4082946777344, 227.85816955566406
302.0677185058594, 227.66995239257812
302.0677185058594, 227.66995239257812
301.886474609375, 227.988037109375
302.260009765625, 228.25999450683594
302.16693115234375, 228.28042602539062
302.2705383300781, 228.34588623046875
302.1170349121094, 228.5
301.8951721191406, 228.05996704101562
302.4010925292969, 228.60989379882812
301.8951721191406, 228.05996704101562
302.1756896972656, 228.3648681640625
302.05816650390625, 228.60195922851562
302.60479736328125, 228.556884765625
302.33697509765625, 228.88668823242188
301.8951721191406, 228.05996704101562
302.3333435058594, 228.3333282470703
302.4147033691406, 228.51968383789062
302.260009765625, 228.25999450683594
302.4324645996094, 228.31350708007812
302.89764404296875, 228.71653747558594
302.53118896484375, 228.20046997070312
302.6108703613281, 228.05332946777344
302.6144104003906, 227.70437622070312
302.6000061035156, 227.60000610351562
302.97125244140625, 227.6902618408203
302.7030029296875, 227.34666442871094
303.05816650390625, 227.60195922851562
303.0251770019531, 227.56825256347656
303.2067565917969, 227.78317260742188
302.86181640625, 227.30905151367188
303.2067565917969, 227.78317260742188
303.4415588378906, 227.25973510742188
303.0423583984375, 227.48941040039062
303.05816650390625, 227.60195922851562
303.0746154785156, 227.6812286376953
303.05816650390625, 227.60195922851562
302.6875, 227.6875
303.6787414550781, 228.2279815673828
302.9014892578125, 227.75624084472656
302.6680908203125, 227.35345458984375
302.728271484375, 227.8478240966797
302.45721435546875, 228.13758850097656
302.1666564941406, 228.1666717529297
302.5439147949219, 228.51483154296875
302.13421630859375, 228.20375061035156
302.25, 228.5
302.1468505859375, 228.59169006347656
301.78839111328125, 228.32643127441406
302.0477294921875, 228.5276336669922
301.7030029296875, 228.34666442871094
301.9632263183594, 228.62387084960938
301.9632263183594, 228.62387084960938
301.7282409667969, 228.6781005859375
301.9632263183594, 228.62387084960938
302.70916748046875, 227.8295135498047
302.25, 228.5
301.8019104003906, 228.44625854492188
301.8053894042969, 228.29837036132812
301.886474609375, 227.988037109375
301.9693908691406, 227.96939086914062
301.9693908691406, 227.96939086914062
302.33697509765625, 227.88668823242188
302.4666748046875, 228.05819702148438
302.33819580078125, 227.88795471191406
302.2755432128906, 227.38644409179688
302.2562561035156, 227.4524688720703
302.6144104003906, 227.70437622070312
302.69024658203125, 227.8072052001953
302.9632263183594, 227.62387084960938
302.7030029296875, 227.34666442871094
302.7793273925781, 227.90017700195312
302.6875, 227.6875
302.70001220703125, 227.6999969482422
302.6875, 227.6875
302.6144104003906, 227.70437622070312
302.87255859375, 227.87254333496094
302.6223449707031, 227.712646484375
302.6225891113281, 227.763671875
302.5749206542969, 227.71188354492188
302.8799133300781, 228.24671936035156
302.547607421875, 228.45237731933594
302.7601013183594, 228.7196502685547
302.3800048828125, 228.4600067138672
302.45526123046875, 228.5810089111328
302.314697265625, 228.51597595214844
302.2917785644531, 228.3680419921875
302.4635925292969, 228.67782592773438
302.5769348144531, 228.73077392578125
302.1949462890625, 228.73025512695312
302.1949462890625, 228.73025512695312
302.2320861816406, 228.9102783203125
302.1949462890625, 228.73025512695312
302.33697509765625, 228.88668823242188
302.3114318847656, 228.6787109375
302.3196716308594, 228.68032836914062
302.1211853027344, 228.58741760253906
302.2705383300781, 228.34588623046875
302.3511962890625, 228.4299774169922
302.6339416503906, 228.542724609375
302.5356750488281, 228.1337127685547
302.72784423828125, 228.0237274169922
302.68914794921875, 228.24636840820312
302.807861328125, 227.88645935058594
302.9677429199219, 228.03225708007812
302.6262512207031, 227.76766967773438
302.70770263671875, 228.16172790527344
302.8656311035156, 227.8151397705078
302.6428527832031, 227.64285278320312
302.87255859375, 227.87254333496094
302.6144104003906, 227.70437622070312
302.6000061035156, 227.60000610351562
302.5691833496094, 227.6572265625
302.5101623535156, 227.72842407226562
302.33819580078125, 227.88795471191406
302.5691833496094, 227.6572265625
302.54339599609375, 228.122314453125
302.3817138671875, 227.92091369628906
302.59417724609375, 228.31224060058594
302.2917785644531, 228.3680419921875
302.0423583984375, 228.48941040039062
302.7908935546875, 228.38876342773438
301.9632263183594, 228.62387084960938
302.9838562011719, 227.71505737304688
301.9632263183594, 228.62387084960938
301.6875, 228.6875
301.6144104003906, 228.70437622070312
301.85498046875, 228.88026428222656
302.5123291015625, 228.04464721679688
301.78228759765625, 228.75149536132812
301.6144104003906, 228.70437622070312
301.9632263183594, 228.62387084960938
303.5394287109375, 228.55335998535156
302.05816650390625, 228.60195922851562
302.32177734375, 228.7629852294922
302.3922424316406, 228.74578857421875
302.3333435058594, 228.3333282470703
302.678955078125, 228.32106018066406
302.634033203125, 228.273193359375
302.8984680175781, 228.6878204345703
302.8292236328125, 228.12557983398438
302.9962463378906, 228.24835205078125
302.70513916015625, 227.75640869140625
303.1462097167969, 228.229248046875
302.9599914550781, 227.9600067138672
303.0799865722656, 228.0800018310547
303.2715148925781, 227.91981506347656
303.2320861816406, 227.9102783203125
302.9693908691406, 227.96939086914062
303.33819580078125, 227.88795471191406
302.9693908691406, 227.96939086914062
302.9693908691406, 227.96939086914062
302.881103515625, 228.04469299316406
302.9693908691406, 227.96939086914062
303.1666564941406, 228.1666717529297
302.7770690917969, 228.25477600097656
302.7402038574219, 228.46656799316406
302.558837890625, 228.55882263183594
302.765625, 228.8984375
302.3511962890625, 228.4299774169922
302.33697509765625, 228.88668823242188
302.33697509765625, 228.88668823242188
302.3846130371094, 229.0
302.33697509765625, 228.88668823242188
302.2184143066406, 228.77804565429688
302.05816650390625, 228.60195922851562
302.0853576660156, 229.05487060546875
301.9693908691406, 228.96939086914062
301.8285217285156, 228.44525146484375
301.966064453125, 228.94566345214844
301.9530334472656, 228.85292053222656
302.0012512207031, 228.84115600585938
302.2194519042969, 228.78793334960938
302.4147033691406, 228.51968383789062
302.3511962890625, 228.4299774169922
302.4147033691406, 228.51968383789062
302.597412109375, 228.47994995117188
302.4914245605469, 228.29774475097656
302.34686279296875, 227.96731567382812
302.69549560546875, 227.8199005126953
302.62420654296875, 228.1800537109375
302.66070556640625, 228.04017639160156
302.6144104003906, 227.70437622070312
302.6144104003906, 227.70437622070312
302.6144104003906, 227.70437622070312
302.5101623535156, 227.72842407226562
302.6144104003906, 227.70437622070312
302.5691833496094, 227.6572265625
302.33697509765625, 227.88668823242188
302.5691833496094, 227.6572265625
302.5833435058594, 228.0
302.4100341796875, 227.8702392578125
302.6789245605469, 228.0225067138672
302.42205810546875, 227.95233154296875
302.44281005859375, 228.33216857910156
302.6575927734375, 228.8483123779297
302.54156494140625, 228.34426879882812
302.2705383300781, 228.34588623046875
302.4147033691406, 228.51968383789062
302.33697509765625, 228.88668823242188
302.3196716308594, 228.68032836914062
302.2213134765625, 228.7786865234375
302.1949462890625, 228.73025512695312
302.2320861816406, 228.9102783203125
302.2384338378906, 229.0843048095703
302.38861083984375, 229.36270141601562
302.1116943359375, 228.74649047851562
302.2384338378906, 229.0843048095703
302.3817138671875, 228.92091369628906
302.33819580078125, 228.88795471191406
302.29534912109375, 228.40798950195312
302.1756896972656, 228.3648681640625
302.2755432128906, 228.38644409179688
302.3984069824219, 228.3209228515625
302.558837890625, 228.55882263183594
302.7195129394531, 228.256103515625
302.7030029296875, 228.34666442871094
302.75372314453125, 228.29104614257812
303.29132080078125, 228.5666046142578
303.3775634765625, 228.2142791748047
303.3775634765625, 228.2142791748047
302.9693908691406, 227.96939086914062
303.274658203125, 227.92520141601562
303.4252014160156, 228.1839599609375
303.68389892578125, 228.45704650878906
303.1666564941406, 228.1666717529297
303.68389892578125, 228.45704650878906
302.88482666015625, 227.97433471679688
302.7723693847656, 228.22503662109375
303.28582763671875, 228.1416015625
302.8292236328125, 228.12557983398438
302.8382568359375, 228.7998504638672
302.59161376953125, 228.4376983642578
302.634033203125, 228.273193359375
302.2705383300781, 228.34588623046875
301.97967529296875, 228.04263305664062
302.260009765625, 228.25999450683594
302.1756896972656, 228.3648681640625
301.9530334472656, 228.85292053222656
301.9632263183594, 228.62387084960938
301.6875, 228.6875
301.6875, 228.6875
301.9693908691406, 228.96939086914062
301.97125244140625, 228.6902618408203
302.4816589355469, 228.69265747070312
301.87054443359375, 228.84669494628906
302.79827880859375, 227.94482421875
302.7154846191406, 228.90794372558594
302.75909423828125, 227.8941192626953
301.9632263183594, 228.62387084960938
302.18853759765625, 228.4915771484375
302.18182373046875, 228.5454559326172
302.5161437988281, 228.29676818847656
302.5161437988281, 228.29676818847656
302.3533935546875, 227.88507080078125
302.62420654296875, 228.1800537109375
302.62420654296875, 228.1800537109375
302.5749206542969, 227.71188354492188
303.7127685546875, 227.6844024658203
302.5123596191406, 227.97042846679688
302.79998779296875, 227.8000030517578
302.6428527832031, 227.64285278320312
303.007568359375, 227.99134826660156
303.0799865722656, 228.0800018310547
303.1535949707031, 228.0638427734375
302.7723693847656, 228.22503662109375
302.70770263671875, 228.16172790527344
302.881103515625, 228.04469299316406
302.8053894042969, 228.29837036132812
302.68914794921875, 228.24636840820312
302.9600830078125, 228.69895935058594
302.2705383300781, 228.34588623046875
302.33697509765625, 228.88668823242188
302.4082946777344, 228.85816955566406
302.33697509765625, 228.88668823242188
302.33697509765625, 228.88668823242188
302.4134826660156, 228.87362670898438
302.54339599609375, 229.122314453125
302.5582275390625, 229.02740478515625
302.42889404296875, 229.0474090576172
302.2320861816406, 228.9102783203125
302.7910461425781, 228.8330535888672
302.5582275390625, 229.02740478515625
302.33697509765625, 228.88668823242188
302.7519836425781, 229.1405792236328
302.4100341796875, 228.8702392578125
302.39453125, 228.94100952148438
302.2705383300781, 228.34588623046875
302.6144104003906, 228.70437622070312
302.558837890625, 228.55882263183594
302.91070556640625, 228.38214111328125
302.79241943359375, 228.46275329589844
302.9750061035156, 228.5
302.70513916015625, 227.75640869140625
302.881103515625, 228.04469299316406
302.66412353515625, 228.06480407714844
302.6875, 227.6875
303.1062316894531, 227.94448852539062
302.6875, 227.6875
302.6875, 227.6875
302.6144104003906, 227.70437622070312
302.6144104003906, 227.70437622070312
302.6144104003906, 227.70437622070312
302.7073974609375, 227.9036102294922
302.6144104003906, 227.70437622070312
302.54339599609375, 228.122314453125
302.5161437988281, 228.29676818847656
302.260009765625, 228.25999450683594
302.2705383300781, 228.34588623046875
302.13421630859375, 228.20375061035156
301.9497985839844, 228.51255798339844
302.05816650390625, 228.60195922851562
301.6144104003906, 228.70437622070312
301.6144104003906, 228.70437622070312
302.0957336425781, 228.5
302.26251220703125, 228.31771850585938
302.9925231933594, 228.63780212402344
302.1507873535156, 228.684814453125
301.4148864746094, 228.41488647460938
301.6875, 228.6875
301.6875, 228.6875
302.0824279785156, 228.64779663085938
302.1082763671875, 228.53732299804688
302.39453125, 228.94100952148438
302.3333435058594, 228.3333282470703
302.59161376953125, 228.4376983642578
302.634033203125, 228.273193359375
303.01153564453125, 228.39041137695312
303.00518798828125, 228.26255798339844
302.881103515625, 228.04469299316406
303.04443359375, 228.07777404785156
303.26934814453125, 228.30636596679688
303.0909118652344, 228.02597045898438
303.205810546875, 228.1138916015625
303.02142333984375, 228.16116333007812
302.9693908691406, 227.96939086914062
303.5545959472656, 228.18858337402344
303.33819580078125, 227.88795471191406
303.28582763671875, 228.1416015625
303.5545959472656, 228.18858337402344
302.8948669433594, 228.05758666992188
302.6351318359375, 228.17567443847656
302.78759765625, 228.72691345214844
302.6144104003906, 228.70437622070312
302.4635925292969, 228.67782592773438
302.33697509765625, 228.88668823242188
302.4134826660156, 228.87362670898438
302.2715148925781, 228.91981506347656
302.54339599609375, 229.122314453125
302.3594970703125, 228.94627380371094
302.1556091308594, 229.1708221435547
301.9693908691406, 228.96939086914062
302.205810546875, 229.1138916015625
302.4010925292969, 228.60989379882812
302.2320861816406, 228.9102783203125
302.33697509765625, 228.88668823242188
302.0423583984375, 228.48941040039062
302.2705383300781, 228.34588623046875
302.2705383300781, 228.34588623046875
302.5439147949219, 228.51483154296875
302.4147033691406, 228.51968383789062
302.4914245605469, 228.29774475097656
302.496337890625, 228.2481689453125
302.7920837402344, 227.88916015625
302.6847229003906, 227.9778289794922
302.8565979003906, 227.86300659179688
302.6153869628906, 227.61538696289062
302.87054443359375, 227.84669494628906
303.2953796386719, 227.33140563964844
302.6000061035156, 227.60000610351562
303.3667297363281, 227.20379638671875
302.6029968261719, 227.97854614257812
302.6029968261719, 227.97854614257812
302.29534912109375, 227.40798950195312
302.69024658203125, 227.8072052001953
302.33819580078125, 227.88795471191406
302.24432373046875, 228.13230895996094
302.68389892578125, 228.45704650878906
302.02154541015625, 228.34109497070312
302.1919250488281, 228.6552734375
302.4010925292969, 228.60989379882812
301.9497985839844, 228.51255798339844
301.6875, 228.6875
301.6708984375, 228.582275390625
301.6875, 228.6875
301.966064453125, 228.94566345214844
301.886474609375, 228.988037109375
302.2184143066406, 228.77804565429688
301.9530334472656, 228.85292053222656
301.8924865722656, 228.4215087890625
302.2213134765625, 228.7786865234375
302.2705383300781, 228.34588623046875
302.3483581542969, 228.41171264648438
302.69024658203125, 228.8072052001953
302.5439147949219, 228.51483154296875
302.71435546875, 228.52549743652344
302.79315185546875, 228.5667724609375
303.01153564453125, 228.39041137695312
302.886474609375, 227.988037109375
303.0, 228.0
302.9693908691406, 227.96939086914062
303.09173583984375, 227.63623046875
303.0118408203125, 227.95013427734375
303.3389892578125, 227.8728790283203
303.33819580078125, 227.88795471191406
303.05816650390625, 227.60195922851562
303.2320861816406, 227.9102783203125
303.18035888671875, 227.85516357421875
302.9632263183594, 227.62387084960938
302.70001220703125, 227.6999969482422
302.9693908691406, 227.96939086914062
303.13421630859375, 228.20375061035156
302.8951721191406, 228.05996704101562
302.8799133300781, 228.24671936035156
302.64459228515625, 228.4016876220703
302.4979553222656, 228.62551879882812
302.33673095703125, 228.33673095703125
302.2705383300781, 228.34588623046875
302.8731689453125, 228.20013427734375
302.3114318847656, 228.6787109375
301.6875, 228.6875
301.9632263183594, 228.62387084960938
301.6875, 228.6875
301.6875, 228.6875
301.9632263183594, 228.62387084960938
301.93463134765625, 228.38693237304688
301.8951721191406, 228.05996704101562
302.25, 228.5
302.3461608886719, 228.5
301.9693908691406, 227.96939086914062
302.3209533691406, 228.2466278076172
302.260009765625, 228.25999450683594
302.33819580078125, 227.88795471191406
302.728271484375, 227.8478240966797
302.4635925292969, 227.67782592773438
302.33819580078125, 227.88795471191406
302.5691833496094, 227.6572265625
302.2705383300781, 227.34588623046875
302.6144104003906, 227.70437622070312
302.6875, 227.6875
302.6000061035156, 227.60000610351562
302.9286804199219, 227.5870819091797
302.765625, 227.8984375
302.6000061035156, 227.60000610351562
302.3511962890625, 227.4299774169922
302.5691833496094, 227.6572265625
302.4635925292969, 227.67782592773438
302.5691833496094, 227.6572265625
302.33819580078125, 227.88795471191406
302.6339416503906, 228.542724609375
302.597412109375, 228.47994995117188
302.4324645996094, 228.31350708007812
302.4979553222656, 228.62551879882812
302.2705383300781, 228.34588623046875
302.4147033691406, 228.51968383789062
301.8953552246094, 228.35667419433594
301.90350341796875, 228.43275451660156
302.1949462890625, 228.73025512695312
301.8953552246094, 228.35667419433594
302.1837463378906, 228.63919067382812
302.39453125, 228.94100952148438
302.2705383300781, 228.34588623046875
302.5691833496094, 228.6572265625
302.3333435058594, 228.3333282470703
302.5652160644531, 228.6086883544922
302.5404052734375, 228.4811553955078
302.57373046875, 228.27597045898438
302.57373046875, 228.27597045898438
302.68914794921875, 228.24636840820312
303.0074768066406, 227.99147033691406
302.8621826171875, 227.7866973876953
302.87255859375, 227.87254333496094
302.9632263183594, 227.62387084960938
302.8924865722656, 227.4215087890625
303.6345520019531, 227.93798828125
302.8924865722656, 227.4215087890625
303.0, 228.0
303.2184143066406, 227.77804565429688
303.0, 228.0
302.93743896484375, 227.74172973632812
302.7282409667969, 227.6781005859375
302.558837890625, 227.55882263183594
302.5691833496094, 227.6572265625
302.5691833496094, 227.6572265625
302.5691833496094, 227.6572265625
302.44830322265625, 228.14730834960938
302.3209533691406, 228.2466278076172
302.260009765625, 228.25999450683594
302.33673095703125, 228.33673095703125
302.260009765625, 228.25999450683594
302.3461608886719, 228.5
302.25, 228.5
301.8198547363281, 228.43601989746094
301.9632263183594, 228.62387084960938
301.6875, 228.6875
301.7980651855469, 228.7741241455078
301.6499938964844, 228.64999389648438
301.73773193359375, 228.56076049804688
301.8333435058594, 228.5
301.6587219238281, 228.58531188964844
302.3461608886719, 228.5
301.886474609375, 227.988037109375
302.2402648925781, 227.9891815185547
302.1116943359375, 227.74649047851562
302.16876220703125, 227.8072052001953
302.3817138671875, 227.92091369628906
302.4635925292969, 227.67782592773438
302.5118103027344, 227.96054077148438
302.4979553222656, 227.62551879882812
302.7159423828125, 227.45681762695312
302.9632263183594, 227.62387084960938
302.8529357910156, 227.85293579101562
302.9143371582031, 227.45506286621094
302.8127136230469, 227.3766632080078
303.2067565917969, 227.78317260742188
302.8285217285156, 227.44525146484375
302.8285217285156, 227.44525146484375
302.6875, 227.6875
302.90350341796875, 227.43275451660156
302.886474609375, 227.988037109375
302.760986328125, 227.89976501464844
302.7725830078125, 228.013671875
302.91070556640625, 228.38214111328125
302.5439147949219, 228.51483154296875
302.3511962890625, 228.4299774169922
302.45526123046875, 228.5810089111328
302.4979553222656, 228.62551879882812
302.4979553222656, 228.62551879882812
302.4979553222656, 228.62551879882812
302.1936340332031, 228.3843994140625
302.1557312011719, 228.7110595703125
302.4635925292969, 228.67782592773438
302.1936340332031, 228.3843994140625
302.2562561035156, 228.4524688720703
302.1837463378906, 228.63919067382812
302.2438049316406, 228.36056518554688
302.44073486328125, 228.56585693359375
302.597412109375, 228.47994995117188
302.5, 228.5
302.72222900390625, 228.8333282470703
302.43438720703125, 228.0897674560547
302.1557312011719, 227.7110595703125
302.5118103027344, 227.96054077148438
302.7159423828125, 227.45681762695312
302.5691833496094, 227.6572265625
302.6428527832031, 227.64285278320312
302.6841735839844, 227.66648864746094
302.83953857421875, 227.6151580810547
303.0214538574219, 227.65235900878906
302.6273193359375, 227.35853576660156
302.6428527832031, 227.1666717529297
303.0214538574219, 227.65235900878906
302.6273193359375, 227.35853576660156
302.7215881347656, 227.46307373046875
302.9178771972656, 227.7987518310547
302.6273193359375, 227.35853576660156
302.61651611328125, 228.0631103515625
302.4635925292969, 227.67782592773438
302.1116943359375, 227.74649047851562
302.1949462890625, 227.73025512695312
302.1538391113281, 228.15383911132812
302.0622863769531, 228.26828002929688
301.82196044921875, 228.37033081054688
301.5980529785156, 228.12091064453125
302.25, 228.5
301.5980529785156, 228.12091064453125
301.8333435058594, 228.5
301.84185791015625, 228.80889892578125
301.8198547363281, 228.43601989746094
301.8105163574219, 228.35865783691406
301.8815002441406, 228.3430938720703
301.8105163574219, 228.35865783691406
302.2513122558594, 228.48690795898438
302.3461608886719, 228.5
302.16693115234375, 228.28042602539062
302.3984375, 228.30859375
302.728271484375, 227.8478240966797
302.2216491699219, 227.77835083007812
302.51214599609375, 227.73057556152344
302.7468566894531, 228.1820831298828
302.7607421875, 227.89736938476562
302.8656311035156, 227.8151397705078
302.8198547363281, 227.43601989746094
302.90350341796875, 227.43275451660156
303.2067565917969, 227.78317260742188
303.196044921875, 227.91531372070312
303.6345520019531, 227.93798828125
303.6345520019531, 227.93798828125
303.273193359375, 227.726806640625
302.90350341796875, 227.43275451660156
302.8285217285156, 227.44525146484375
302.6910705566406, 227.60162353515625
302.9864196777344, 227.81106567382812
302.760986328125, 227.89976501464844
302.7725830078125, 228.013671875
302.5897216796875, 228.14613342285156
302.8823547363281, 228.2941131591797
302.33673095703125, 228.33673095703125
302.1756286621094, 227.85775756835938
302.33673095703125, 228.33673095703125
302.2705383300781, 228.34588623046875
302.16693115234375, 228.28042602539062
301.89898681640625, 228.448974609375
301.8815002441406, 228.3430938720703
301.8198547363281, 228.43601989746094
301.8105163574219, 228.35865783691406
301.8815002441406, 228.3430938720703
302.01153564453125, 228.39041137695312
301.886474609375, 227.988037109375
302.0, 228.5
302.1116943359375, 227.74649047851562
302.3314208984375, 228.07972717285156
302.1556091308594, 228.1708221435547
302.2596740722656, 227.84007263183594
302.3511962890625, 227.4299774169922
302.45526123046875, 227.5810089111328
302.6587219238281, 227.58531188964844
302.730224609375, 227.6151123046875
302.5805969238281, 227.4593505859375
302.5356750488281, 227.1337127685547
302.6666564941406, 227.43478393554688
302.7601013183594, 227.7196502685547
302.5779724121094, 227.7089385986328
302.6339416503906, 227.542724609375
302.71435546875, 227.52549743652344
302.78228759765625, 227.75149536132812
302.5356750488281, 227.1337127685547
302.634033203125, 227.36598205566406
302.6000061035156, 227.60000610351562
302.45526123046875, 227.5810089111328
302.273193359375, 227.726806640625
302.1557312011719, 227.7110595703125
302.1949462890625, 227.73025512695312
302.3817138671875, 227.92091369628906
302.1164245605469, 227.79212951660156
302.16693115234375, 228.28042602539062
302.33673095703125, 228.33673095703125
302.3461608886719, 228.5
302.1878662109375, 228.30226135253906
302.26287841796875, 228.7371063232422
301.8815002441406, 228.3430938720703
301.9208984375, 228.38169860839844
302.3395690917969, 228.6324005126953
302.4010925292969, 228.60989379882812
302.1265869140625, 228.1735076904297
302.8347473144531, 228.61016845703125
302.260009765625, 228.25999450683594
302.57171630859375, 228.39500427246094
302.83502197265625, 228.3161163330078
302.6223449707031, 227.712646484375
302.886474609375, 227.988037109375
302.760986328125, 227.89976501464844
302.7215881347656, 227.46307373046875
302.70001220703125, 227.6999969482422
303.0787658691406, 227.59890747070312
303.6345520019531, 227.93798828125
303.3580627441406, 227.8290252685547
303.5504150390625, 227.87254333496094
302.89898681640625, 227.448974609375
303.0423583984375, 227.48941040039062
303.6082458496094, 227.83523559570312
303.3995056152344, 227.67962646484375
302.6428527832031, 227.1666717529297
302.8285217285156, 227.44525146484375
302.9959716796875, 227.77479553222656
302.3511962890625, 227.4299774169922
302.5101623535156, 227.72842407226562
302.2457580566406, 227.7203369140625
302.1949462890625, 227.73025512695312
302.1949462890625, 227.73025512695312
302.1949462890625, 227.73025512695312
302.1116943359375, 227.74649047851562
302.1556091308594, 228.1708221435547
301.5267639160156, 228.06898498535156
301.9321594238281, 228.36634826660156
301.9497985839844, 228.51255798339844
301.5356750488281, 228.1337127685547
301.5267639160156, 228.06898498535156
301.8105163574219, 228.35865783691406
301.8105163574219, 228.35865783691406
301.9281311035156, 228.20887756347656
301.8951721191406, 228.05996704101562
301.5267639160156, 228.06898498535156
301.5876770019531, 228.05526733398438
301.886474609375, 227.988037109375
301.87255859375, 227.87254333496094
301.87255859375, 227.87254333496094
301.9898986816406, 227.6807403564453
302.1557312011719, 227.7110595703125
302.2705383300781, 227.34588623046875
302.2705383300781, 227.34588623046875
302.45526123046875, 227.5810089111328
302.6273193359375, 227.35853576660156
302.6175231933594, 227.64779663085938
302.6175231933594, 227.64779663085938
302.5356750488281, 227.1337127685547
302.5356750488281, 227.1337127685547
302.48486328125, 227.51515197753906
302.5356750488281, 227.1337127685547
302.5805969238281, 227.4593505859375
302.66180419921875, 227.3726348876953
302.4418640136719, 227.1529541015625
302.6000061035156, 227.60000610351562
302.5805969238281, 227.4593505859375
302.7601013183594, 227.7196502685547
302.5652160644531, 227.6086883544922
302.4979553222656, 227.62551879882812
302.1837463378906, 227.63919067382812
302.23651123046875, 227.6908721923828
302.1116943359375, 227.74649047851562
302.3817138671875, 227.92091369628906
302.1756286621094, 227.85775756835938
302.16876220703125, 227.8072052001953
302.3395690917969, 228.6324005126953
301.9208984375, 228.38169860839844
302.3359680175781, 228.6322784423828
301.8736267089844, 228.42308044433594
301.9208984375, 228.38169860839844
302.1756896972656, 228.3648681640625
301.8953552246094, 228.35667419433594
301.8815002441406, 228.3430938720703
301.9707946777344, 228.43057250976562
301.89898681640625, 228.448974609375
301.9707946777344, 228.43057250976562
302.3461608886719, 228.5
302.15509033203125, 227.83499145507812
302.16876220703125, 227.8072052001953
302.236083984375, 228.3035125732422
302.1756286621094, 227.85775756835938
302.2515869140625, 227.7880859375
302.16876220703125, 227.8072052001953
302.5691833496094, 227.6572265625
302.7468566894531, 228.1820831298828
302.6144104003906, 227.70437622070312
302.6428527832031, 227.64285278320312
302.7159423828125, 227.45681762695312
302.584716796875, 227.18585205078125
303.082275390625, 227.71519470214844
303.02734375, 227.65673828125
302.9021301269531, 227.5634002685547
302.5356750488281, 227.1337127685547
302.7978820800781, 227.5
302.558837890625, 227.55882263183594
302.6000061035156, 227.60000610351562
302.6144104003906, 227.70437622070312
302.5691833496094, 227.6572265625
302.6144104003906, 227.70437622070312
302.5779724121094, 227.7089385986328
302.23651123046875, 227.6908721923828
302.1024169921875, 227.65663146972656
302.1024169921875, 227.65663146972656
301.9693908691406, 227.96939086914062
301.9693908691406, 227.96939086914062
302.1548767089844, 228.16371154785156
301.886474609375, 227.988037109375
301.5267639160156, 228.06898498535156
301.8105163574219, 228.35865783691406
301.8198547363281, 228.43601989746094
301.8045349121094, 228.48353576660156
301.7159423828125, 228.45681762695312
301.8198547363281, 228.43601989746094
301.8876647949219, 228.49119567871094
301.8105163574219, 228.35865783691406
301.54986572265625, 228.21261596679688
301.5118103027344, 227.96054077148438
301.5267639160156, 228.06898498535156
301.5267639160156, 228.06898498535156
301.59002685546875, 227.6828155517578
301.6144104003906, 227.70437622070312
301.8864440917969, 227.98805236816406
302.02734375, 227.65673828125
301.886474609375, 227.988037109375
301.8656311035156, 227.8151397705078
301.8815002441406, 227.3430938720703
302.0990905761719, 227.62442016601562
302.2705383300781, 227.34588623046875
302.5555419921875, 227.72222900390625
302.5555419921875, 227.72222900390625
302.45526123046875, 227.5810089111328
302.52349853515625, 227.6661376953125
302.5379638671875, 227.56329345703125
302.558837890625, 227.55882263183594
302.4324645996094, 227.31350708007812
302.6496887207031, 227.79067993164062
302.4635925292969, 227.67782592773438
302.2917785644531, 227.3680419921875
302.5, 227.5
302.4979553222656, 227.62551879882812
302.23651123046875, 227.6908721923828
302.23651123046875, 227.6908721923828
302.1024169921875, 227.65663146972656
302.1518859863281, 227.7892303466797
302.20074462890625, 227.77737426757812
302.1556091308594, 228.1708221435547
302.1556091308594, 228.1708221435547
302.06353759765625, 228.4742431640625
301.8924865722656, 228.4215087890625
301.8198547363281, 228.43601989746094
301.8924865722656, 228.4215087890625
301.83953857421875, 228.6151580810547
301.708251953125, 228.38111877441406
301.716552734375, 228.3899383544922
301.8621826171875, 228.7866973876953
301.72454833984375, 228.90509033203125
301.7159423828125, 228.45681762695312
301.8198547363281, 228.43601989746094
301.89898681640625, 228.448974609375
301.9930114746094, 228.56643676757812
302.19232177734375, 228.58876037597656
301.8826599121094, 227.91943359375
302.45526123046875, 228.5810089111328
302.2438049316406, 228.36056518554688
302.3817138671875, 227.92091369628906
302.43438720703125, 228.0897674560547
302.4107360839844, 228.0646209716797
302.16876220703125, 227.8072052001953
302.23651123046875, 227.6908721923828
302.7607421875, 227.89736938476562
302.5, 228.0
302.6223449707031, 227.712646484375
302.7607421875, 227.89736938476562
302.6144104003906, 227.70437622070312
302.6273193359375, 227.35853576660156
302.7452697753906, 227.8179931640625
302.441162109375, 227.44117736816406
302.441162109375, 227.44117736816406
302.7215881347656, 227.46307373046875
302.7551574707031, 227.84226989746094
302.7607421875, 227.89736938476562
302.7607421875, 227.89736938476562
302.23651123046875, 227.6908721923828
302.2515869140625, 227.7880859375
302.16876220703125, 227.8072052001953
302.1557312011719, 227.7110595703125
302.3817138671875, 227.92091369628906
302.1556091308594, 228.1708221435547
302.0483093261719, 228.13365173339844
301.9208984375, 228.38169860839844
302.0549621582031, 228.27590942382812
301.93463134765625, 228.38693237304688
301.8198547363281, 228.43601989746094
301.8496398925781, 228.75250244140625
301.5267639160156, 228.06898498535156
301.84185791015625, 228.80889892578125
301.708251953125, 228.38111877441406
301.43438720703125, 228.0897674560547
301.66143798828125, 228.5634002685547
301.708251953125, 228.38111877441406
301.708251953125, 228.38111877441406
301.708251953125, 228.38111877441406
301.5869445800781, 228.13043212890625
301.8096923828125, 228.35885620117188
301.79022216796875, 228.1904296875
301.5267639160156, 228.06898498535156
301.87255859375, 227.87254333496094
302.02734375, 227.65673828125
302.16876220703125, 227.8072052001953
302.1024169921875, 227.65663146972656
302.027587890625, 227.50662231445312
302.3462219238281, 227.79861450195312
302.4207458496094, 227.89622497558594
302.1531982421875, 227.69239807128906
302.6082458496094, 227.83523559570312
302.75439453125, 227.94419860839844
302.48974609375, 227.55641174316406
302.6104431152344, 227.68405151367188
302.7882080078125, 227.807861328125
302.4599914550781, 227.3800048828125
302.45526123046875, 227.5810089111328
302.7911376953125, 227.6392364501953
302.6162109375, 227.62078857421875
302.6333312988281, 227.63333129882812
302.1531982421875, 227.69239807128906
302.4566955566406, 227.63583374023438
302.1557312011719, 227.7110595703125
302.0990905761719, 227.62442016601562
302.0631103515625, 227.6165008544922
301.7452697753906, 227.8179931640625
301.886474609375, 227.988037109375
301.886474609375, 227.988037109375
301.8864440917969, 227.98805236816406
301.886474609375, 227.988037109375
301.5267639160156, 228.06898498535156
301.6745910644531, 228.45648193359375
301.8096923828125, 228.35885620117188
301.8153076171875, 228.43374633789062
